check_disk.sh,postgres,144,s3://48-hour-delete/ensure/panic/check_disk.sh/2018/01/03/i-0c395677b5e7a5df8/1514988602-4926.txt
check_health.sh,postgres,139,s3://48-hour-delete/ensure/timeout/check_health.sh/2018/01/03/i-0ff2e3f3bd8c2ffe7/1514990678-14937.txt
check_health.sh,adserver_scripts,134,s3://48-hour-delete/ensure/timeout/check_health.sh/2018/01/03/i-0f71a71117eb646ae/1514990762-22653.txt
process_adserver_labels.py,adserver_scripts,80,s3://48-hour-delete/ensure/timeout/process_adserver_labels.py/2018/01/03/i-0f71a71117eb646ae/1514987525-45474.txt
generate_log_report.sh,lld,49,s3://48-hour-delete/ensure/failure/generate_log_report.sh/2018/01/03/i-9f97f667/1514988466-15815.txt
check_health.sh,empty,41,s3://48-hour-delete/ensure/timeout/check_health.sh/2018/01/02/i-25db82bc/1514925362-14518.txt
create_predictive_heatmap.py,clients,28,s3://48-hour-delete/ensure/failure/create_predictive_heatmap.py/2018/01/03/i-0d61cabd3787fc9d0/1514974936-118716.txt
check_orphans.sh,monitoring,24,s3://48-hour-delete/ensure/failure/check_orphans.sh/2018/01/03/i-05cccd7a19ea21784/1514987452-88549.txt
check_disk.sh,empty,21,s3://48-hour-delete/ensure/panic/check_disk.sh/2018/01/02/i-25db82bc/1514925361-14552.txt
create_lld_report.sh,lld,12,s3://48-hour-delete/ensure/timeout/create_lld_report.sh/2018/01/03/i-440f0ddd/1514961336-45054.txt
refresh_ssh_keys.py,postgres,10,s3://48-hour-delete/ensure/timeout/refresh_ssh_keys.py/2018/01/03/i-0ff2e3f3bd8c2ffe7/1514989929-115445.txt
load_ccp.sh,postgres,10,s3://48-hour-delete/ensure/timeout/load_ccp.sh/2018/01/03/i-0ff2e3f3bd8c2ffe7/1514981789-82776.txt
check_reservations_in_use.py,monitoring,7,s3://48-hour-delete/ensure/failure/check_reservations_in_use.py/2018/01/02/i-05cccd7a19ea21784/1514926272-1662.txt
check_disk.sh,lld,7,s3://48-hour-delete/ensure/panic/check_disk.sh/2018/01/03/i-440f0ddd/1514960401-78099.txt
instances.sh,monitoring,7,s3://48-hour-delete/ensure/failure/instances.sh/2018/01/03/i-05cccd7a19ea21784/1514963582-37811.txt
find_unpooled_nginx.py,monitoring,7,s3://48-hour-delete/ensure/failure/find_unpooled_nginx.py/2018/01/02/i-05cccd7a19ea21784/1514931094-20149.txt
check_number_checks.sh,postgres,5,s3://48-hour-delete/ensure/timeout/check_number_checks.sh/2018/01/03/i-0be33226e64e79e7c/1514978618-119618.txt
moat_live.sh,monitoring,5,s3://48-hour-delete/ensure/failure/moat_live.sh/2018/01/03/i-05cccd7a19ea21784/1514978702-91367.txt
site_mapping_wrapper.sh,adserver_scripts,5,s3://48-hour-delete/ensure/failure/site_mapping_wrapper.sh/2018/01/02/i-0f71a71117eb646ae/1514929374-17928.txt
test_creds.py,adserver_scripts,5,s3://48-hour-delete/ensure/failure/test_creds.py/2018/01/03/i-0f71a71117eb646ae/1514977202-18918.txt
logparse.py,logparse,4,s3://48-hour-delete/ensure/failure/logparse.py/2018/01/02/i-0f281652477366465/1514948186-24547.txt
verify.sh,postgres,3,s3://48-hour-delete/ensure/failure/verify.sh/2018/01/03/i-0d804e48967bd1805/1514970001-43527.txt
job_handler.py,adserver_scripts,3,s3://48-hour-delete/ensure/failure/job_handler.py/2018/01/03/i-0f71a71117eb646ae/1514971803-12703.txt
find_laundered_domains.py,?,3,s3://48-hour-delete/ensure/timeout/find_laundered_domains.py/2018/01/03/i-04f61e004ba25780f/1514982603-23631.txt
check_disk.sh,logparse,2,s3://48-hour-delete/ensure/panic/check_disk.sh/2018/01/02/i-0a7a43679b84cd4bd/1514915402-17826.txt
ls_ec2,monitoring,2,s3://48-hour-delete/ensure/panic/ls_ec2/2018/01/03/i-05cccd7a19ea21784/1514985391-44942.txt
backup_database.sh,postgres,2,s3://48-hour-delete/ensure/timeout/backup_database.sh/2018/01/02/i-0b94975a6229c62f8/1514916062-16418.txt
check_health.sh,lld,2,s3://48-hour-delete/ensure/timeout/check_health.sh/2018/01/02/i-00d993be369e441ec/1514928372-81824.txt
nginx_running_tails.py,monitoring,2,s3://48-hour-delete/ensure/timeout/nginx_running_tails.py/2018/01/02/i-05cccd7a19ea21784/1514924202-92816.txt
nginx_monitoring.py,monitoring,1,s3://48-hour-delete/ensure/failure/nginx_monitoring.py/2018/01/02/i-05cccd7a19ea21784/1514933935-25328.txt
log_lines_today.sh,monitoring,1,s3://48-hour-delete/ensure/failure/log_lines_today.sh/2018/01/03/i-05cccd7a19ea21784/1514966702-18727.txt
generate_hourly_log_report.sh,lld,1,s3://48-hour-delete/ensure/failure/generate_hourly_log_report.sh/2018/01/03/i-9f97f667/1514955939-61075.txt
reload_nados.py,pagerduty,1,s3://48-hour-delete/ensure/failure/reload_nados.py/2018/01/02/i-095e7c8dceb732708/1514952081-5145.txt
update_pg_placements.py,nielsen_dar,1,s3://48-hour-delete/ensure/failure/update_pg_placements.py/2018/01/03/i-535e8345/1514955607-11201.txt
fill_in_missing_static_heatmaps_rows.py,dumper,1,s3://48-hour-delete/ensure/timeout/fill_in_missing_static_heatmaps_rows.py/2018/01/03/i-021a394d3e010b84c/1514986625-45579.txt
check_curl_nginx.py,monitoring,1,s3://48-hour-delete/ensure/panic/check_curl_nginx.py/2018/01/02/i-05cccd7a19ea21784/1514949621-44265.txt
check_n_curls.sh,nginx,1,s3://48-hour-delete/ensure/failure/check_n_curls.sh/2018/01/02/i-04eeeed713b0e71ad/1514921402-13675.txt
cache_statscache_to_s3_for_verify.py,dumper,1,s3://48-hour-delete/ensure/failure/cache_statscache_to_s3_for_verify.py/2018/01/03/i-02b7102b89b00a9f2/1514963093-79835.txt
groupm_report_controller.sh,dumper,1,s3://48-hour-delete/ensure/failure/groupm_report_controller.sh/2018/01/03/i-021a394d3e010b84c/1514971956-45613.txt
